M1,M2,M3,M4
3576.44825144218,2559.31450763111,4997.81564833277,9153255.89570789
5449.96014286034,2344.04771529549,12671.2717343393,12774966.6213232
4929.58994464876,2096.01549652869,11593.8346174577,10332496.9155158
6960.44817619158,1607.43425199245,30139.8572000047,11188462.8076287
4449.29581740852,1802.21168956344,10984.4106469004,8018572.93245935
5966.95297273066,2209.70180261701,16112.8201717589,13185186.7399738
4475.35013144568,2550.70087295174,7852.2570056806,11415279.4870432
5982.05021373589,1524.98529920887,23465.7506391845,9122538.63507653
6799.54371134633,1508.81912125471,30642.370600435,10259281.5674865
3525.88106894911,2938.60427368678,4230.52447847178,10361169.1777252
5457.6199962573,2172.42690306964,13710.7563810135,11856280.5066002
4268.03978675224,2014.22253765939,9043.76913708255,8596781.93010332
4006.84012902699,2737.78902206697,5864.13623919787,10969882.9184275
3597.27312891138,2117.90208650717,6109.99632439525,7618672.26545759
6184.88636246771,1181.69783597486,32371.066572261,7308666.83027854
3450.86212469848,1633.93651335007,7288.19590380693,5638489.62808165
7887.14476638108,2207.2053737952,28183.6268180563,17408548.312257
4065.61666994695,1865.68417194981,8859.61255150485,7585156.67033533
4622.00750498866,2571.03406576376,8309.08997303592,11883338.7475416
5822.97072468777,1644.62316701147,20616.873664856,9576592.55465107
3244.80117402243,2168.78149247914,4854.67747463203,7037264.73299444
3956.29422157359,1884.54177916223,8305.60730503663,7455801.75121355
3430.02408810593,2082.1364912032,5650.47742772534,7141778.31955133
3354.5295044608,3133.48565427938,3591.16633609924,10511370.0790848
5452.02264105695,2312.98361314041,12851.1722736503,12610439.0272352
4319.56827140858,1957.34927221485,9532.62165124285,8454903.81232394
5215.95475542451,2138.42662058557,12722.5240037395,11153936.5007697
4446.04780224791,1469.86490078233,13448.4067544931,6535089.61172462
6037.87656840983,1718.25826695417,21216.8066678215,10374631.328519
4984.1972398554,2127.88479850973,11674.608579929,10605797.5394625
4795.90076881031,2691.1919519519,8546.64572238826,12906689.5513822
5022.05868957321,2174.1250333918,11600.5625684605,10918583.5161639
5475.35404910645,3034.91920111628,9878.18784501399,16617257.1365429
5686.36847997843,1967.10888515041,16437.7207251645,11185705.9612048
5628.70569387904,2303.12361064378,13756.242887654,12963604.9809379
4441.75908773529,1701.95423748134,11592.100045343,7559670.70124231
4680.35400011907,1958.34940687538,11185.8044787738,9165768.48009998
5227.23113240669,1631.65263179539,16746.1779420145,8529025.43419416
4899.76365467454,2336.36005218665,10275.6781212726,11447612.0679377
3610.82560778691,1628.37734360856,8006.78148773352,5879786.6114418
6486.81043032313,957.170887091377,43961.5434677673,6208986.09398599
4939.69269082721,2454.24209561153,9942.19923268482,12123201.7412128
5378.44896524502,1909.23718903283,15151.4507667846,10268734.783761
4906.98982167434,2442.47693525361,9858.25035335101,11985209.4609638
5536.67771329436,2386.85146201655,12843.1955606452,13215227.2946911
6624.82362150343,1483.42660258849,29585.7496012592,9827439.59759482
6843.68361358857,1968.65785985657,23790.8304728548,13472871.5362627
4404.7318945883,1549.68808259207,12519.7214079052,6825960.52405669
4910.51912863805,2088.83528187991,11543.8485369794,10257265.6082453
3956.89012212979,2039.32571691306,7677.52758117933,8069387.78505854
2951.15092262396,1262.41718954683,6898.90144099717,3725583.65366749
5657.35984927489,2525.79655324995,12671.535410485,14289340.0077932
4351.04915787221,2880.50343673357,6572.33334034435,12533212.0526476
4210.75388582967,1715.14717110143,10337.5667031789,7222062.61548512
5063.03802349947,2823.90682974652,9077.62032280025,14297547.6538265
6058.67069921743,1721.47877870559,21323.2315702183,10429873.0358681
5457.43861360548,1840.45360647918,16182.7693544793,10044162.5785489
5780.60601322331,1953.96649206111,17101.3198106923,11295110.4536453
5731.55206097232,1634.23818282284,20101.5307149981,9366721.2248779
4529.41268375724,1946.76047899461,10538.3171073907,8817681.6057955
3837.98628754701,1651.51244488415,8919.18119601709,6338482.11717861
4236.1451448943,1035.17211471648,17335.209704259,4385139.3278862
4493.96849611501,2658.1591561122,7597.64621228034,11945683.5052279
5592.6968824673,2605.94003874399,12002.677710971,14574232.7305802
6162.88923080521,1413.44655804545,26871.3404514537,8710914.57089702
4864.56290560349,1986.90573471905,11909.9622337743,9665427.93404515
4963.19308450582,2625.71043856563,9381.56973910002,13031907.8906037
4363.21532492551,1936.18232065553,9832.56988175536,8447980.37333406
4488.86067982158,612.381303747837,32904.1237534996,2748894.35545154
6057.21304279331,1951.32703767339,18802.501650124,11819603.5833505
5083.4521335844,2885.99427291077,8954.1014814213,14670813.7441406
6222.10292166481,2177.61100284167,17778.457546949,13549319.7830306
5644.1735458354,2393.65523815812,13308.8067603342,13510205.5730624
4193.83986717309,2637.30311880486,6669.04486863109,11060426.9614638
5662.17692608298,1444.99108089963,22187.159468352,8181795.15666559
4493.52126548602,1785.785349539,11306.9207161922,8024464.44374689
4101.02415923959,2096.36437244525,8022.65072605168,8597240.9379671
6731.29312325071,1892.24054863348,23945.3208757439,12737225.7925527
4815.75222282289,1198.5966830413,19348.8517027913,5772144.64062428
7678.13555655107,861.850158830111,68403.7300692717,6617402.34893266
6511.5409704949,1584.46658117827,26759.8990815593,10317319.0597223
4140.73337316122,1605.24058533248,10681.0611594771,6646873.26363908
3241.8397932938,1393.53369819686,7541.63696147553,4517612.99611046
4795.15478875503,985.231155744676,23338.1875045769,4724335.89449973
5887.42849391218,1636.0685312532,21186.0405654148,9632236.48889316
4212.61121200139,1893.23242333347,9373.43614273931,7975452.13345914
5139.54814247985,1860.36272342449,14198.8198195265,9561423.7795151
6262.40443356331,2003.83479508391,19571.3286273538,12548823.9048619
5980.30117759168,2223.90338870267,16081.6348211815,13299612.0543087
4093.85731971781,2702.29907766362,6202.00328406924,11062826.8591599
4805.92806882037,1647.84622574307,14016.4441571363,7919430.42939833
4992.30455603731,2590.82046649522,9619.77300339381,12934164.8187588
5045.9999102555,1913.25057668168,13308.3012777446,9654262.23823206
5196.00958641512,2393.61949050588,11279.3682242334,12437269.8188986
4515.85148618644,2004.02588346979,10175.9736805314,9049883.26422315
5510.45231623639,2798.229422753,10851.5350752194,15419509.8039701
4425.31877064206,1613.53286145042,12136.9986875837,7140397.25882431
6336.40466116026,2134.47073323596,18810.2949385978,13524870.3031865
6318.08092026234,2550.17783948463,15653.0834426238,16112229.9509237
5264.70968937153,1482.12753053451,18700.9333153448,7802971.17088933
6154.55332124897,1975.29100514186,19176.1753004977,12157033.8161291
5906.88695051288,2324.43055015375,15010.6930249353,13730148.4840766
6645.92005933201,2578.16113301335,17131.6885005584,17134252.7900836
3155.59150346321,1259.62045213463,7905.3636512921,3974847.59634453
5888.56692937706,1113.91990492785,31129.0069675155,6559391.91413298
6379.29800220356,1738.37294412795,23410.0761510258,11089599.0495602
4710.9804727181,1468.09828884891,15117.0648333992,6916182.37079806
5427.28052298908,2396.31763638516,12291.9321829346,13005488.0348484
4278.47128625952,882.946858360315,20732.0705363189,3777662.78078766
6290.68905566878,2390.68569062216,16552.8948244185,15039060.3095408
2626.40841402275,2167.28799315334,3182.78935657881,5692183.42082843
6290.48866809178,1950.86211753316,20283.4671542175,12271876.0433519
5323.52567304374,2663.72361329174,10639.214012348,14180401.0412514
4443.75582776454,1314.58385213767,15021.4577979795,5841689.65402192
5480.84164995467,2675.91349759344,11225.9328333646,14666258.149286
5443.18351007569,2954.94371386528,10026.6704185726,16084300.8965133
6410.14591222407,1541.94219546283,26648.1913115227,9884074.46113189
6509.35045297904,2153.94406386658,19671.654445676,14020776.7678214
4855.65100936131,1902.72608656966,12391.3509627747,9238973.84279007
4619.49000083918,1630.02854986522,13091.6037449881,7529900.58718478
5181.16469297693,2216.89614172633,12109.0325660662,11486104.0175093
5776.20088007712,1505.78981920312,22157.4725645712,8697744.47889222
3570.32648939337,1781.51538317688,7155.27430256173,6360591.5638182
4394.82760914182,2224.73873031758,8681.6979678859,9777343.19512681
4563.70623493378,1590.02698496699,13098.7805840326,7256416.06500683
3161.4698576778,2036.79363245673,4907.16953437727,6439261.67532202
4213.90251062467,1176.11897181694,15097.9405949186,4956050.68813268
4891.80914856658,2210.82641409637,10823.9148010092,10814940.8783693
6702.90356211746,2728.37271569819,16467.294187682,18288019.1948375
4780.19152696677,2305.09208132641,9912.93632891936,11018781.6360347
4748.71706733247,1659.97658897997,13584.7179624572,7882759.15946154
5869.84141370868,1796.95510456459,19174.1230120706,10547841.4913484
6172.00397450376,1816.36684559394,20972.4335993558,11210623.3901627
4188.3440679189,3497.41351225539,5015.77121773023,14648371.1371143
4596.90978704112,1198.81212854722,17627.0985978451,5510831.20654231
5956.77794977627,1951.13100389518,18185.9667403691,11622454.1411276
5499.51269876152,1789.57325668346,16900.4760273912,9841780.85049471
5711.04888428934,1673.82335212317,19485.9746205419,9559286.98764046
3994.43160725436,1962.30298484734,8130.99913124472,7838285.0656838
5213.10435757279,2132.21376944076,12745.6531012237,11115452.8927483
4086.78104433796,2864.06232501314,5831.4999497378,11704795.6196662
4639.74814217481,1727.9227604785,12458.4636045035,8017126.41775168
6797.95083458799,1143.96643852478,40396.4084899807,7776627.60551019
5438.43085565789,2175.47065453317,13595.462715225,11831146.7331915
6674.37394399011,2235.71465173975,19925.2921250701,14921995.6177687
3991.76168620027,2289.21806225805,6960.52578918547,9138012.95227931
6931.38106802598,2307.55934193672,20820.285154559,15994573.1360467
3003.56525059476,1382.57130537251,6525.09145786855,4152643.12928632
4353.34657224249,1901.75073362753,9965.35773219122,8278980.03749706
5688.65133823295,1588.81535033354,20367.8508274647,9038216.56887993
4640.09627221961,2329.30300588506,9243.32015245284,10808190.1944772
4916.26359746549,2102.06662890379,11498.0407506724,10334313.6471267
5099.05660512806,2942.86720263693,8835.04979055892,15005846.4476206
5631.01352862276,2500.69181565487,12679.8165055892,14081429.4448688
4343.46270949589,1907.27687179595,9891.41565535628,8284185.96932966
6335.24055518855,2722.67913688941,14741.0953969256,17248827.2867875
5329.74046660052,2312.65206330249,12282.9256904106,12325835.2869504
4799.57459262426,1794.41411716222,12837.5696835213,8612424.40537807
6981.44712139138,1754.920478536,27773.6823433987,12251884.5231459
5200.5687025151,2170.95001515452,12458.1011265958,11290174.7035373
3859.56044049019,2419.61122509538,6156.44639076659,9338635.76574414
4860.21539789726,2527.96003544731,9344.17213196879,12286430.2895499
5778.77991838979,2719.02871267434,12281.7008844087,15712668.5223277
6335.74445182094,1363.72981747053,29435.198412861,8640243.62482173
5620.65445467072,1531.56424723219,20627.118030407,8608393.40882004
5057.29029361559,2027.27229820042,12616.058107538,10252504.5162047
4172.45241962748,1578.97017390352,11025.768239191,6588177.92262335
6608.64072694029,2230.62167889499,19579.3543436775,14741377.2735413
5771.46250494915,1291.52456153323,25791.0537965226,7453985.58110995
4887.90722175215,2219.10148468934,10766.3561911417,10846762.1728139
5531.57586892788,2341.26177622251,13069.162920805,12950867.1441957
5408.95463278389,1567.24687385403,18667.633483657,8477167.23904881
4949.45289989379,2448.93118232743,10003.1737049407,12120869.5420108
5482.58359139631,1058.26092041164,28403.886278779,5802003.9576648
3225.3686123519,2467.19148580782,4216.53639183933,7957601.97898639
4529.28482057439,2052.45705804903,9995.0549052586,9296162.59790223
6284.68805025053,1672.97844383337,23608.9735851347,10514147.6342863
6478.9026181755,2161.59581517111,19419.0693936362,14004768.7863493
5919.46423910786,3100.38844751217,11301.8279713285,18352638.5423915
4210.92783506098,2073.61540107695,8551.20637263887,8731844.81160608
4562.52395704169,1563.01652947136,13318.2371818038,7131300.36096525
4833.51093855201,2378.21091054366,9823.69893667723,11495108.4502965
6080.59790474882,1897.47641480963,19485.7077488077,11537791.1122017
4596.40398922835,1575.50181702476,13409.6510736441,7241642.83680912
4188.48218463427,1457.8811702456,12033.4793871049,6106309.30888745
4583.4765489383,1416.84405156621,14827.5014822163,6494071.48385645
6663.99510223335,1896.64481033781,23414.4160680673,12639231.7267675
4012.00537850915,2073.08570985049,7764.36163768026,8317231.01803063
4173.30591602607,1509.29351172469,11539.4932353722,6298743.5415004
3634.1126212526,2432.88836498594,5428.43425700044,8841390.31329401
5306.43973171511,1157.45175924446,24327.8412265798,6141948.00279834
3997.29361455857,893.210557766932,17888.6782092426,3570424.85901806
3686.88813997464,3059.42554252754,4443.03806964222,11279759.7478803
6185.74556865708,2053.00767729912,18637.7521444533,12699383.142272
5807.39045465282,1531.20341026312,22025.6718779103,8892296.06889389
5056.82269718483,2772.50439831804,9223.23362454422,14020063.1694594
5165.7591182165,1817.36031525555,14683.4213575774,9388045.61961615
5783.49096570142,2110.3366379025,15849.9677964153,12205112.8798978
4777.1072190143,1527.98850827991,14935.1603485868,7299364.93347487
6434.15221606453,1780.05305894912,23256.7869431533,11453132.3339499
4731.41338994897,2137.65121404842,10472.3691683041,10114111.5771894
3767.90781986352,2173.24078038282,6532.69967467102,8188570.93085072
3002.49055559103,1449.05978479449,6221.24058027864,4350788.31833222
5179.2050495671,1261.72802435841,21259.8630034404,6534748.1549374
6685.17397648477,1560.39655184207,28641.1496123278,10431522.4213712
5279.13123353854,2448.88134284544,11380.3907495738,12927965.9842452
3584.88307485726,1999.99263604955,6425.7169895298,7169739.75081319
5479.22506705598,2743.18576147245,10944.1758400422,15030532.1878509
4656.19995322126,1062.79101654586,20399.3049121169,4948567.48152481
4282.81216362284,1890.32528130418,9703.345879298,8095908.10797329
5080.71539394507,2231.49654675844,11567.8731171547,11337598.8566509
5560.97342938744,2016.42644013581,15336.2527225493,11213293.8559095
4777.99836303675,1020.15589198743,22378.2154634295,4874303.18195824
4676.54591875291,2549.81291031243,8577.13193064224,11924317.1593051
3847.70266768573,1657.73827723078,8930.73172180539,6378483.99162562
7180.37059447076,1876.74524978235,27471.8808426021,13475726.4048499
4634.07623104639,1690.32772816296,12704.4372267901,7833107.54775863
5787.96039722862,1701.55269770782,19688.1857405979,9848519.62813036
4593.23741802531,626.055047675859,33699.6404017036,2875619.47072838
5795.317574196,1821.48891947139,18438.600107176,10556106.7462158
4895.64379842323,992.74097927015,24142.5796874632,4860106.21860452
4432.373120824,2015.52164834025,9747.31851596893,8933543.9785422
3487.8111184272,3611.68096730192,3368.18963467642,12596861.0339676
4923.44191682353,1418.79641611968,17085.1011695044,6985361.74656261
5177.04726435609,2779.43936005471,9642.88653408482,14389288.9354149
6066.49266915729,1549.60515842771,23749.4907039933,9400668.33369005
5694.41497482442,1731.03910402925,18732.3104544706,9857254.99599082
2543.25957501927,1787.93824850463,3617.66927428113,4547191.07005259
4493.99867877105,2302.27637632445,8772.19795697973,10346426.9933679
5451.61799601738,1908.43895590739,15573.0099107989,10404080.1563253
3714.7020100008,2491.13302946866,5539.25095925013,9253816.87174661
5321.85545777673,2380.85033956534,11895.8109389768,12670541.3737654
5636.61384802199,1073.61401734557,29592.9590694666,6051547.63760058
4996.39200836959,2182.6361656633,11437.5146412517,10905305.8952986
4169.7412653216,2673.28761627642,6503.88013390925,11146917.687661
4343.54570311178,1843.65385542846,10233.151531927,8007994.78177177
5209.70047814419,1927.48779533838,14081.0121535483,10041634.0889915
4485.32028175803,1546.07321516761,13012.3837814297,6934633.54907415
3513.02476585579,1775.31906953398,6951.61969321704,6236739.85856893
3932.33146707753,1926.96194628995,8024.66846672296,7577453.09725693
6415.75986440243,1944.48219148825,21168.6045867939,12475330.8011956
4325.72103887312,1813.42275715331,10318.5329688501,7844360.97298938
6248.74732445255,1728.06680271689,22595.6792083864,10798252.8099525
5360.17656827578,2619.70396849421,10967.4578458601,14042075.8277417
4872.96255830704,1469.19503132355,16162.4315277397,7159332.37849038
5123.21643920852,1683.57192741514,15590.2734273285,8625303.3751232
5813.54070107399,1503.03644247457,22485.9853879529,8737963.53352336
5431.47467030489,2096.27438497622,14073.0227424395,11385861.2240073
4381.01751534725,2771.21889265903,6925.94674517505,12140758.5076004
5534.31213273443,1195.31749583013,25623.8287228118,6615260.11964243
4725.68710756584,1841.91405442242,12124.4086199325,8704309.50022837
4346.26444718291,1856.52771973823,10174.9165627916,8068960.42350785
3690.80509421741,2774.95569943429,4908.92241857347,10241820.6316997
5546.96485457841,1973.83916730457,15588.31114895,10948816.4896288
2047.52460527595,1364.26727541737,3072.97337167885,2793370.81458985
3713.6866906963,2638.43444710796,5227.14098573566,9798318.89049947
5065.81436175441,2456.19483354606,10448.0616917135,12442627.0630446
3289.3495808834,2648.61500565112,4085.08622135435,8712220.65875998
4760.39823560224,1527.0394630404,14840.0823357932,7269315.9655525
5337.88597652875,2856.04292871985,9976.40000852284,15245231.4975778
4526.66173436634,2561.49178667669,7999.5050399757,11595006.853643
5307.8131293111,1981.92380000269,14214.915939578,10519681.1669484
6091.84540020292,2630.68197724519,14106.8288379103,16025707.9024779
4836.74767153599,2205.46274302054,10607.3558087265,10667266.786964
6195.80383339492,2346.91053489366,16356.8165770114,14540997.288729
6054.97644990399,1993.10741506038,18394.7636398619,12068218.4603196
5208.28701369286,1934.5895822009,14021.7097551726,10075897.7978025
6166.60786890943,1450.69750703155,26212.9440662702,8945882.66226806
4557.24766047623,877.979705953428,23654.8818817661,4001170.96090187
4951.68124460155,1796.9957043358,13644.521847759,8898149.92578912
5376.85688209049,2162.34770530682,13370.0005135769,11626634.1407515
6626.87766314596,2250.9873218911,19509.4424278714,14917017.6034649
6597.76385729637,1567.84587111657,27764.5199177934,10344276.8222643
4522.80725032583,2193.73959016812,9324.61879945933,9921861.32373919
7118.84977870124,918.321588856759,55185.4848962061,6537393.43960951
3229.86654082628,1643.72731048846,6346.5745230266,5309019.84238906
4559.36299015675,2353.31628132444,8833.40290507476,10729623.157204
4076.50583507608,2145.98597947191,7743.71313809735,8748124.36730867
5100.71235370791,2343.74891373667,11100.705524718,11954789.0382861
5640.83645646071,1065.49736266994,29863.0827661587,6010296.36761134
5810.13938309368,1968.72737468898,17146.9752922541,11438580.4542551
5643.78747139702,2035.48189273638,15648.5484523164,11487827.2044811
3557.03920274031,2015.39376848104,6277.94334174575,7168834.64344558
3536.53280465926,1920.98649048554,6510.75077330181,6793631.74090938
4947.29056397054,1971.57636123306,12414.2713442985,9753961.12807568
3495.57444672252,1748.58715753807,6987.95062053604,6112316.58575724
5744.01647304029,1921.6264255958,17169.687512144,11037853.8436518
4832.48758979938,510.572151723326,45738.7584237453,2467333.58690014
4141.80544716206,2869.81181746901,5977.5878884179,11886202.2179232
5103.8918409202,1504.08136982563,17319.3501670936,7676668.63153311
5196.39631852823,2373.39987311204,11377.1535109284,12333126.3630348
2897.03261746962,2678.9572973344,3132.85993585409,7761026.67118602
1835.09014165942,1719.71725133008,1958.2032019572,3155836.17435746
5377.83894698801,3344.7783379327,8646.65721245262,17987679.2147763
4774.12214946217,1532.3365713858,14874.1749845288,7315561.96588385
3540.88317272677,1640.45374914055,7642.91809474561,5808655.07596832
4760.12483998311,1330.38414345914,17031.763798168,6332794.60799952
4254.7806226276,1831.23151902795,9885.78339690048,7791488.38270503
5184.55267667783,2006.34729298529,13397.2750137652,10402013.2281922
6326.44938457638,2401.89892214276,16663.4663293412,15195491.9578047
6475.55698099961,2141.67741192099,19579.4371181983,13868554.1158141
4420.75631535512,1815.41271937848,10765.0928029429,8025497.24416844
5871.07193388989,2095.51190448669,16449.195816596,12302901.129564
3383.09320046907,2178.39570994819,5254.01310275822,7369715.71425673
5920.45321269808,1242.36675660524,28213.7026424675,7355374.25549279
4532.57381008855,2606.64340050859,7881.48671962271,11814803.6093854
5797.99739848206,1490.5077170802,22553.9079386034,8641959.8660484
4089.81698063407,1814.12271641297,9220.21580114268,7419429.89053978
6278.49119606264,1887.11469197452,20888.7418802251,11848232.9795225
4231.40860935622,2389.40156544014,7493.43227957407,10110534.3552126
5149.95785592781,1832.87781065918,14470.1767698819,9439243.47996003
7054.82933757114,2672.0087133255,18626.6671714223,18850565.4610145
6311.62993402335,1338.51181237822,29761.9132350273,8448191.2220502
4466.7904711048,1723.29418852067,11577.9518353046,7697594.06019442
4215.50996603357,1724.37097583178,10305.5111242269,7269103.03375792
3459.48184934226,3709.66078554615,3226.17494099709,12833504.1548137
5050.2851248733,1674.10280686319,15235.2530190822,8454696.50300983
2939.98803660724,2549.84540051356,3389.82498846903,7496514.97270784
3983.46227474996,2397.71857453674,6617.94585189047,9551221.48713435
4187.97617397862,1995.88429568922,8787.65591356889,8358715.87636454
6133.48105937542,2035.68825946609,18480.0348141634,12485855.3822282
4115.13214638209,1887.85091903031,8970.1535282699,7768756.0044786
3760.67742992919,2319.57303007718,6097.11121339786,8723165.94128372
5064.45374541054,1593.19774161769,16098.8752804531,8068676.26971534
4166.46272016424,3191.70910831784,5438.90781063927,13298137.0134149
5662.37156329967,2860.56626215916,11208.4282559719,16197589.0577845
4694.44618589235,2482.84018726638,8876.0545705936,11655559.6472929
1296.21695032032,2361.34002927923,711.535975956233,3060808.97142163
4909.59788811897,3440.63782836562,7005.72179504062,16892148.2159261
5996.6185148,2271.02323026815,15834.022802046,13618459.9501669
5025.06461585507,2107.70351163421,11980.4679615209,10591346.3370265
3593.54648529204,2340.6006848207,5517.20608547288,8411057.36440956
3551.01399450334,2353.76033768489,5357.25757090511,8358235.89882594
5379.83580760585,1592.92488574886,18169.4903355043,8569674.33917817
4400.9484394626,2403.01566385119,8060.01702700832,10575548.0358301
4531.25531993942,1586.99726793879,12937.8135610447,7191089.81307696
5459.39943394637,1729.35395634231,17234.7841632221,9441234.01034814
5668.6308486047,1447.48966759574,22199.3817414433,8205284.58276979
4456.52816936651,1479.01598749541,13428.2817036952,6591276.41121672
5825.57358080467,2198.42817633883,15437.0781409321,12807105.1033761
5587.17501714663,892.306702304047,34984.0750849708,4985473.71474567
4469.70732210223,2294.62713578909,8706.54897854852,10256311.710331
4768.13832008384,2558.97363210938,8884.47725845115,12201540.2353448
5562.97986885358,2165.04148547595,14293.8346580768,12044082.1989356
4554.57004188705,2105.8588394168,9850.66419371201,9591281.58245081
3961.47451598968,2001.51828408708,7840.6879745261,7928963.67569837
5674.57676634557,1329.85364786951,24213.80843579,7546356.61284024
5420.41265644049,1813.93869053356,16197.2802716161,9832296.23617517
4599.33177252088,2205.0065883954,9593.55535037829,10141556.8606249
6537.86023871651,1603.00065495227,26664.7529861821,10480194.244649
4485.24375487769,2470.78858613351,8142.10153534451,11082089.0755784
4800.67963232629,1351.31571456171,17054.8782078713,6487233.82773884
5276.00687121821,2100.5049320663,13252.1700283554,11082278.4546095
5303.67985371598,1918.87160842679,14659.1464833724,10177080.6914807
6239.87680161674,2986.48381698712,13037.4262461717,18635291.0880217
4403.02873675992,1287.35284578675,15059.3227957528,5668251.57434874
2983.67999672031,2496.31673568565,3566.1926211394,7448210.30974341
6657.28857342367,3109.62125461036,14252.3759393942,20701646.0459929
6130.6758593463,1946.13363008599,19312.7470340825,11931114.4650302
5018.95871784704,1708.46914976922,14744.1624069451,8574736.13340698
4130.12646291313,1401.19520410909,12173.8531145638,5787113.39219792
5128.9726512006,2524.18808033602,10421.7117027436,12946491.63053
6029.39702033243,1756.30510613035,20698.9254326609,10589460.773697
6008.16847485709,2257.27594924587,15991.8810255904,13562094.1973122
6632.69246903587,2469.0748048119,17817.4469655878,16376613.8633621
6046.4581079794,2255.3373041793,16210.2828627018,13636802.5290833
5097.81822279533,2783.58495200935,9336.07239610371,14190210.0930521
5593.239155411,1663.81581138589,18802.7569130769,9306119.74363549
7276.17311545256,1777.77701727109,29780.2787929513,12935413.3383374
5224.90376054564,2085.71616010948,13088.8468091127,10897666.2083868
5670.28252268933,1688.07785442266,19046.5764377393,9571878.35487169
2697.18353051208,2196.65785794506,3311.75789208752,5924789.39661938
5477.22327038685,1819.22255537264,16490.5468355531,9964288.11429968
5433.32336573594,1862.30110025631,15851.8956964527,10118484.0820584
4568.87658482951,2363.74189615993,8831.18130677284,10799645.0019456
4183.99263479176,1444.20025607885,12121.4452734704,6042523.23459829
5509.96200038023,2364.09036027784,12842.0138907322,13026048.0505961
5157.18931605985,2402.82020513737,11068.9104348369,12391798.6903472
4391.93804775577,2121.48740463355,9092.26223695476,9317441.25024472
8330.71515860827,1727.37687570021,40176.9967111163,14390284.7230251
5013.57222547053,2621.68656274727,9587.68558269968,13144014.934879
5118.77338469055,747.757501820694,35040.5591385152,3827601.19852246
5514.32123937728,2361.791544537,12874.8613743591,13023677.277022
6209.05361791468,1704.82515339966,22613.6661306648,10585350.7866281
4748.85373179942,1798.64690071175,12538.0983655553,8541511.04663447
3810.76027789817,1736.47967002219,8362.83553807511,6617307.7498983
2853.13492781544,2568.53629506359,3169.26762217268,7328380.61680759
4363.65088878497,2230.32138297931,8537.53599122918,9732343.88511378
3839.2948231456,1257.78402881787,11719.1699062089,4829003.71047566
5870.49101784766,1473.66589960164,23385.6702526306,8651142.4269198
5511.10543462555,1903.17835313797,15958.7161452742,10488616.5650403
4740.06218870402,2385.99543984362,9416.69425581725,11309766.7668229
5358.48835126564,2013.61291317041,14259.6410774107,10789921.3391817
6057.29707962853,3131.40633555822,11717.0510560188,18967858.4515071
3666.9823936783,2996.84417539281,4486.97332545963,10989374.8277628
3576.53080143885,2882.49802393654,4437.66915620354,10309342.9676956
4832.32934432379,1952.20840276157,11961.5338500645,9433713.9509002
6802.54547528703,2801.88774731082,16515.5170787128,19059968.8177314
4352.02234537736,1522.99507477407,12436.0865037424,6628108.59731641
6774.02687911152,2082.03478417467,22039.7087059789,14103759.5912444
4688.31812292013,2653.13908477079,8284.64928501866,12438760.0537586
6243.01525585156,2089.98190402129,18648.6014112389,13047788.9112586
4083.26634145183,1909.08051093569,8733.55729091884,7795284.19342535
3483.03026525583,2427.51665470047,4997.49396371702,8455113.97773433
5228.07530966364,877.35486466561,31153.6101802228,4586877.30577156
4554.40059393157,1132.61007631366,18313.9504087018,5158360.00425581
4479.75964976075,2048.09363536119,9798.50050463411,9174967.22662285
5400.75232323863,1635.58085907148,17833.4965802463,8833367.12447491
4168.63516456673,2576.64877659986,6744.23277750475,10741108.696872
4527.95931445483,2022.08534342103,10139.2434399785,9155920.16536583
5648.44511233505,1136.03562929757,28084.4467939699,6416834.89774434
6201.85281426091,2053.89577311178,18726.8403943799,12737959.2806719
4326.24431507033,2171.93326531147,8617.38717878806,9396313.94176586
4348.19578320646,1408.19250171165,13426.2940230922,6123096.69788555
2691.70999791802,1856.56533892643,3902.53042054606,4997335.48457632
3702.512624525,1644.64399027547,8335.29919899009,6089315.1368441
5254.26278011932,2160.57024398284,12777.7735713213,11352203.8167924
5317.22182262324,2227.50168845844,12692.6269270518,11844120.5878013
5522.28844435731,2844.49870662598,10720.9293474613,15708142.33759
6116.2305278905,2085.43421297975,17937.8834573013,12754996.3973341
5754.58159389416,2030.13606746894,16311.8176418941,11682583.6469574
4969.13375516143,1451.14612223347,17015.7159905307,7210939.17966197
1995.13964551071,2357.31130822837,1688.61116951083,4703165.24785715
5495.36554467063,2394.29665509587,12612.9075965918,13157535.342134
5294.27885478128,1866.87998737487,15014.0281012911,9883783.24157312
7382.03655819291,1519.90761204052,35853.8001354807,11220013.5571588
6440.66514372479,2130.07985791546,19474.4658701138,13719131.0942264
4707.91698473659,1615.0408155434,13723.7908304588,7603478.08653962
4579.76617969115,2443.5827702756,8583.40405562659,11191037.7285842
5721.90715388681,1788.75824138037,18303.3239038697,10235108.5779283
4994.91920658703,2837.92454499649,8791.36054703065,14175203.8166477
5341.7391169481,1117.81315097805,25526.7857320939,5971066.23401846
2712.82630683513,1421.31608024369,5177.89580611437,3855783.65281286
7189.82555629187,2352.45837324973,21974.2853338982,16913765.3321037
5614.19908149095,2026.50728224033,15553.475481109,11377215.3225884
4689.50963526156,1939.32047458306,11339.7970616172,9094462.05141727
5497.26127650335,1670.34078952171,18092.0454865959,9182299.74080173
6875.78264622103,1944.72313057043,24310.0862302219,13371493.5528808
4728.9985127001,1426.6998919266,15674.9342028199,6746861.66699031
5156.85990217038,1999.44810637589,13300.2721930175,10310873.7662403
4085.6610820081,2520.29563816244,6623.28110411931,10297073.803995
5588.02999352597,1679.34727554191,18594.1762393782,9384242.9452743
4936.83310864701,2261.87177083091,10775.2886157998,11166483.4457521
5071.58860560173,1380.78120290762,18627.868724101,7002754.21549532
6212.89001377358,1729.43128804194,22319.4772698661,10744766.3789834
3792.90871789985,969.093050806257,14844.9692527996,3675681.48085921
3144.94890149465,1195.05289153102,8276.37309035006,3758380.2784485
5664.5764609411,1824.25934423975,17589.2899127345,10333656.5400323
5851.63646222852,1517.56395431509,22563.562602234,8880232.56883387
5911.48648207775,2557.94527519301,13661.6184742854,15121258.9161981
5487.19435654853,2111.75164751509,14257.9748627012,11587591.7226768
5905.92680366944,3149.5116896021,11074.7235914237,18600785.5060912
3924.39282046003,871.244028024956,17676.8603443869,3419103.80844982
4965.37609337051,2200.33041432256,11205.1170079409,10925468.0367933
4082.56065438157,2915.95545063284,5715.89716608574,11904564.9926831
4612.90742224188,1179.4400307975,18041.5403331581,5440647.67215496
3170.99608209284,2706.85488597465,3714.72301849222,8583426.23821946
5262.59047077158,1986.21413295625,13943.5411336215,10452631.5690074
4750.72321894298,2060.53083269162,10953.1829104067,9789011.670216
6546.6700961658,1909.76589256154,22441.9597789264,12502607.2595101
5473.34127633924,2631.83407547719,11382.7330554063,14404926.0777854
3862.19096199394,2410.88457047584,6187.1560379034,9311296.59850243
4637.67871068915,2275.30128502621,9452.84212034874,10552116.3299697
2640.16030693848,1914.80128644494,3640.29755759929,5055382.35214667
4544.02589900707,1206.18996346457,17118.5070314619,5480958.4331054
4994.98216251495,2685.33617993311,9291.1446210299,13413206.3191219
5684.69227054856,1494.10893469291,21628.7617726324,8493549.51240633
4897.8758007728,2431.80089284816,9864.78269267322,11910658.7453787
6051.0084986649,1950.65398829462,18770.4759894017,11803423.8611253
7038.97553361356,2194.15265898278,22581.4627619304,15444586.883593
4516.43833087228,2985.29926250963,6832.88789594392,13482920.0183233
5676.70293516197,842.446020252123,38251.6570075699,4782315.79588075
6888.58956328765,2654.97600737695,17873.105459178,18289040.015196
3484.68052314638,3008.50619085606,4036.22182507142,10483682.9270414
3836.0417241336,1302.81977191762,11294.8977490835,4997671.00410222
4591.42305388719,1809.57935788594,11649.7602428418,8308544.38163587
5299.01082761407,1093.36134994923,25681.8258231599,5793733.63187571
5107.96969476758,2604.26518822885,10018.7010603204,13302507.6586111
5495.65188206928,1942.83900550782,15545.3897740731,10677166.8371766
3307.45904557433,2522.81291409811,4336.14608400804,8344100.39302553
6406.52050600442,2384.64461301315,17211.5814532188,15277274.6128017
4403.8699728912,2475.08237886115,7835.7273696306,10899940.9686988
3845.60008767288,2408.91887978443,6139.11915358191,9263738.65529587
5888.17069073633,2213.44916551619,15663.5872300058,13033166.5018272
4180.41735939774,2269.34196653847,7700.86199278761,9486796.55132724
3300.42690303531,1831.82273175159,5946.43660299137,6045797.02546458
3835.85296605248,2173.65018400083,6769.1517639197,8337802.50546011
2428.3314876482,2040.62587354764,2889.69864115862,4955316.06324535
3545.15968183113,2337.47698984176,5376.80465916878,8286729.18159501
3067.94786216536,1932.27970291332,4871.08779892162,5928133.38365845
5331.72538835011,2423.66461194679,11729.0550337091,12922314.1443624
2634.09217135359,1998.78133126776,3471.33598790692,5264974.25694011
5339.28800149778,1919.55856083411,14851.3293340478,10249075.9920339
5411.02184287544,1241.69317203822,23580.0260832664,6718828.87604813
5008.57485773275,1785.74175545369,14047.844280339,8944021.25876889
4621.9116066172,1393.94604697188,15324.887893465,6442695.41349751
3893.4757352547,2021.70903488421,7498.18744411227,7871475.07106687
4454.27984093664,1834.84329840587,10813.2443346046,8172905.51536696
4950.06867210557,1904.85530168567,12863.5386829001,9429164.55376845
6360.5398363241,1655.64659626128,24435.4484228839,10530806.1303943
6984.74274277004,1897.78792656295,25707.1037811034,13255560.4473772
5649.76097570284,2026.54539155614,15750.8433887406,11449497.0687043
4744.71216324368,941.884901185119,23901.3211526235,4468972.74702861
5390.64665740005,2124.69372984755,13676.8283243456,11453473.1528015
5884.43283250748,1703.60631530894,20325.4410653043,10024756.935471
4465.03621781305,1454.16889621457,13709.9263216813,6492916.78841527
4920.25560564629,1698.37518300361,14254.1621351767,8356440.01466405
6141.44098986422,2400.58817400128,15711.6900934813,14743070.6115947
6160.95626023967,2306.76916575967,16454.7812603027,14211903.9327149
5095.41158625692,1703.14118457305,15244.314134691,8678205.32490487
4805.85848072668,2980.41192335827,7749.3569112917,14323437.9179303
5508.6510756077,1566.58228823763,19370.3432629329,8629755.20712822
3685.47748285124,2267.60270490217,5989.91359784495,8357198.70896951
6224.48687730684,1675.96782062535,23117.5303063446,10432039.7062711
5339.90243127371,1846.71328173935,15440.7066096726,9861268.74302541
4481.85148594362,2196.66252295757,9144.323505374,9845115.19263406
3573.6820711473,3571.37368726781,3575.99194706783,12762954.1155562
4708.79799043813,2281.34760392581,9719.15830651962,10742405.0128567
4419.66186903345,2439.23283883548,8008.01412870192,10780584.3674954
6161.81020756915,1778.30500835572,21350.6146896643,10957577.9526576
5208.43874866964,1767.1758496721,15350.9534456783,9204227.17114535
6458.44336922066,1443.07242104089,28904.6413369495,9320001.50897674
5173.236005466,1779.34698643729,15040.5575597343,9204981.89645483
6337.28617879577,2844.27841677561,14119.9946795238,18025006.2992792
4887.999716814,2257.91228750454,10581.6959160889,11036674.621913
4069.86945041204,729.620815226582,22701.9802584076,2969461.46627539
4159.67779351205,1638.37066840307,10561.0529287018,6815094.08689774
3482.06871765861,1814.0072176788,6683.98804389077,6316497.78628628
4131.11610012887,1592.84717102926,10714.2232746135,6580236.59328371
4286.05458768844,2222.73549609492,8264.70984105825,9526765.67025557
5012.92127355681,2108.95410188573,11915.5650056153,10572020.8822979
3905.56412379707,974.384163251307,15654.4325127303,3805519.83079034
7283.52607162344,1836.95683601587,28879.1500137133,13379523.0075685
4525.32435833425,2647.84260234156,7734.05508696912,11982346.6254114
3541.80289436464,1482.38024725448,8462.31442017879,5250298.65027489
4291.3152716918,2332.82848749863,7894.01658104799,10010902.5146406
3925.44213487326,1664.1599344287,9259.38405044478,6532563.52577436
4598.67531023786,1990.33247420642,10625.2673274716,9152892.80829772
5242.03904230616,2462.36707067306,11159.5763476284,12907824.3209572
5018.34580134171,2575.87529858652,9776.79105648603,12926632.9894415
5246.59789047049,2180.45265982234,12624.3462797913,11439958.3252947
5088.69086333561,2062.62593087358,12554.2757486948,10496065.7289155
6800.88529940237,2405.9558110347,19223.9776987991,16362629.5062776
5814.20540591445,1421.77908991707,23776.5379600123,8266515.67061194
5188.25519391736,2071.99851936097,12991.3181431772,10750057.0798636
5991.37039358944,2177.47616005643,16485.3787387734,13046066.1981089
6815.35502768654,1768.02251152172,26271.7605973433,12049701.1129625
4977.80817592691,1410.12439206872,17571.9066882982,7019328.72791363
4863.96602065037,1224.13029614418,19326.5092160214,5954128.16529395
5180.25268359018,2640.16930807204,10164.1276503738,13676744.1432726
4832.98868884502,2835.72034541603,8236.98278437857,13705004.3541234
5847.67007191582,2812.45506428273,12158.5036874895,16446309.3080142
5282.2317543271,1847.69797090784,15100.9378944721,9759968.89433515
4458.29230101525,1526.06870292952,13024.5579397154,6803660.34909101
4135.86262457728,2295.81560797427,7450.66789770121,9495177.96594195
5815.69893060403,2494.02524634746,13561.3519153273,14504499.9580824
5122.76702954793,2371.25176898194,11067.0416285193,12147370.3808979
4775.69729968071,1280.13368371261,17816.3304257666,6113530.97653661
4929.80540477019,3054.89164426841,7955.43153699039,15060021.3389017
6327.0156680074,627.23203094343,63821.8797643349,3968506.88725518
6324.99539179023,1951.79457713853,20496.8121003895,12345091.7061224
4350.16177470629,2324.58889089879,8140.75449650753,10112337.7350948
2847.74312336289,2376.94000605969,3411.7987311359,6768914.55690263
4160.33655154692,1653.64154093797,10466.8392717806,6879705.34592059
4157.06491154461,1790.98361510832,9648.99317504377,7445235.1435181
4815.08098044219,1779.00452531098,13032.5721595133,8566050.85394548
5211.83362557458,2781.32763680738,9766.27470320248,14495816.9012526
4498.91307677666,1888.39732149791,10718.199312175,8495735.40383697
6159.21886694602,1836.78987845738,20653.4114194947,11313190.8740102
6175.96027749572,1535.78586965984,24835.8095374671,9484952.52575838
3471.87371709876,2389.75337871851,5043.99626121463,8296921.94592075
3468.50485188161,1759.49505097695,6837.48777857967,6102817.12117523
4851.68002496588,2390.56635161672,9846.5365952858,11598263.0164944
5383.96566016597,1891.52599475883,15324.7094198894,10183911.0010928
5134.4968128431,2819.88068785961,9348.99750709187,14478668.404413
6777.54667438922,1483.62952286027,30961.3270804739,10055368.3386873
5036.04137680649,1832.07515656015,13843.1617600915,9226406.29385615
3339.0171044937,1960.50836503726,5686.80829060866,6546170.96436238
5228.56924782666,2178.18710805824,12550.7750358918,11388802.1292058
5727.78666570195,1929.64536456282,17001.8495057645,11052596.9886765
5792.29993127682,2536.53842878004,13226.9781972141,14692391.3667036
3384.39775742313,1981.09997790416,5781.71132613322,6704830.32244985
5620.51800589919,2625.06737651513,12034.0616539048,14754238.4564018
7062.63687937465,739.796406315103,67425.0905574919,5224913.38246988
5166.61869168642,2174.06644053576,12278.3500115596,11232572.3086402
4589.36058358981,1780.52866804981,11829.2004752032,8171488.08709948
6071.31601767758,1772.40926699287,20797.0466375679,10760856.772574
6203.02259663152,1893.58028109379,20319.9672696715,11745921.2721606
3387.37847752447,2456.47346740656,4671.0591839244,8321005.35410291
2379.56613061973,2229.75940078365,2539.43764874477,5305859.94953572
5776.76714483443,1945.38181199391,17153.9789463926,11238017.7356849
5039.84208111296,2239.80498281782,11340.2766747139,11288263.4058917
5130.67161194944,1564.60685334089,16824.5403843496,8027483.96629764
2706.98814316301,1502.38722631301,4877.42752260225,4066944.40806888
6365.60642226107,2259.86585160289,17930.686060144,14385416.5784118
5394.004736086,2491.28510311698,11678.8267454879,13438003.6451535
5899.50821910867,1448.9670812057,24020.0054775364,8548193.20479091
4084.81393009555,1953.348643203,8542.10276366349,7979065.74808885
6143.47298563203,1999.964030695,18871.4695594175,12286724.9948105
6482.47483397372,2433.61484997262,17267.5146083923,15775847.0205323
6377.41616815922,2663.71664615036,15268.6799628923,16987629.6065542
4331.13346479366,1110.58908218794,16890.7811095167,4810109.53949865
2807.17096855711,309.396453975593,25469.6159101147,868528.743374802
3821.02667605098,2949.99147304722,4949.24985122472,11271996.1126364
4522.99068800024,1581.63344935626,12934.3779192728,7153713.36326807
4492.65360571468,1771.01174435685,11396.8393971724,7956542.29904784
3575.66851635419,2178.52906125672,5868.82478008857,7789697.77629831
5346.69942204801,2934.68099132154,9741.15919047651,15690857.1601942
3853.68228831573,2490.89565630534,5962.05912587529,9599120.47274649
4218.36387292555,2387.43488671052,7453.43626477761,10071069.0750618
3881.34029845458,1398.93505126907,10768.7647819969,5429742.98941127
5572.5138353272,2386.73881971193,13010.6026635378,13300135.0941573
4309.80946390051,1808.83478874385,10268.7419164608,7795733.29116071
5785.46541255123,1586.90187183305,21092.4258354823,9180965.89260289
5225.62206504296,1964.67808688589,13899.0332049496,10266665.1615373
5359.87584390872,2875.72344767665,9989.92760772122,15413520.640964
5791.54043242569,2576.62858869469,13017.7631062511,14922648.6507693
5337.06611180219,1750.33564795758,16273.6071307151,9341657.07099373
5247.28463416425,2508.85296967438,10974.734814974,13164665.6371497
5551.40507221148,793.856239394746,38820.7546233708,4407017.55398272
5882.81702103187,2948.36338412843,11737.8801708232,17344682.3003379
5958.05026521468,2284.03165513315,15541.9750348229,13608375.4086248
3952.44408296017,2126.81956001035,7345.15260375489,8406135.38548687
2756.59887772527,2013.05699339285,3774.77507970055,5549190.64878373
6413.25554534679,1945.73729017708,21138.4378032752,12478510.4660162
5004.44080994893,2430.33980846761,10304.9078705061,12162491.7195388
5044.96355409405,1705.31889405796,14924.8667512108,8603271.6686304
2861.51005191926,2618.38022021078,3127.21571681283,7492521.31987973
6546.81011764752,1642.68573036979,26091.8579397919,10754351.5597002
4804.99330736796,1494.50581375202,15448.5586281445,7181090.43290097
5934.14388501538,1852.50016214774,19008.9395766849,10993002.509199
5996.6400901155,2189.05053386908,16427.0727486692,13126948.1906881
4803.41917816718,2506.04282517434,9206.88009375068,12037574.1677507
5453.08732266787,2006.40262311731,14820.6352035368,10941088.7082886
3748.21808844948,1943.56702084307,7228.533252476,7284913.06363787
4517.18163456786,1441.12009349973,14159.0766874427,6509801.21956367
5978.31721767542,2203.69256897589,16218.3587939237,13174373.227572
3059.74474733264,1542.97819358645,6067.51149027508,4721119.42307493
4103.16937359626,2630.22151655798,6400.98136314034,10792244.3725146
6477.39469385568,1618.05626154364,25930.2738830371,10480789.0428827
5239.67833026831,994.375480969495,27609.5192712476,5210207.65978599
4786.21783611753,1613.6044136868,14196.7144985859,7723062.22522575
4672.72191229976,1208.65628976223,18064.9621026517,5647714.72961088
5576.48117921913,2159.60281689921,14399.4729488429,12042984.4630271
6595.27613647024,1253.11231863991,34711.7067395084,8264621.77144267
5339.59328316267,1615.13436778687,17652.5600583086,8624160.62163994
3983.56483026081,1681.90050188327,9435.03420037164,6699959.68730019
5542.0834258262,1319.2478596735,23281.9697023568,7311381.69765319
5442.93183865763,1341.83088019886,22078.4209377282,7303494.01992838
5815.28492686735,1614.62830876461,20944.4728530277,9389523.66645218
4713.01210466617,2140.04805042578,10379.4319451428,10086072.3662239
3052.77127939782,2604.66183086041,3577.97406707406,7951436.82979441
5710.39782576583,2706.33913392581,12048.9863667637,15454273.1061549
6013.02859132348,2816.9374316046,12835.3979163385,16938325.3162078
4565.12522922094,1600.89987403595,13017.9086752814,7308308.40441815
4557.01493499628,1899.61965735846,10931.8647221498,8656595.14939501
5500.15664827684,1615.74727747322,18723.0537704467,8886863.13012953
5894.13998115394,1920.69001717337,18087.711086542,11320815.8216248
4245.45567753008,1977.70800504645,9113.5262960363,8396271.67852114
4059.20807704949,1040.45348337824,15836.5275103739,4223417.18352324
4688.26508326804,1837.14019442605,11964.154699613,8613000.2265959
6877.73018840518,1245.94502202986,37965.6980911043,8569273.69110793
5167.54428594661,2596.9590501526,10282.6087864768,13419900.9004534
4475.32067157041,1694.29558925571,11821.1339511212,7582516.07434664
4425.58217137393,1679.30296680273,11663.0399295207,7431893.27021753
7198.71715237339,1867.13816060306,27754.5227950015,13440999.5025842
5163.16585552175,1878.853174263,14188.5922842708,9700830.5568934
5620.10034723637,1946.88519723932,16223.6211759145,10941690.1730341
5504.49889567985,2192.68810279297,13818.4304707752,12069649.2403943
5921.06766124256,2350.87982045818,14913.1580202086,13919718.4803826
5755.68347346364,2162.93099903684,15316.2039202612,12449146.2053985
6470.23637219137,1486.97557850204,28153.7634627473,9621083.47258419
5697.41660501778,1928.90357983956,16828.5010771934,10989767.2852561
5101.96778749688,968.671695348687,26871.9272274039,4942131.78632899
5738.3120154733,1808.6948426722,18205.5170446976,10378855.3480305
4680.52135296357,2012.60058948802,10885.0609753229,9420020.03408576
4701.60068409664,2265.75953249429,9756.13196179004,10652696.5679736
5909.61399188359,1362.85757381671,25625.2290804403,8053962.18717174
6150.55648223093,1222.69783301,30939.2427301403,7520272.08262936
5709.27108901863,1406.74580355995,23171.0493007451,8031493.14586311
3500.82528583684,2089.87707434683,5864.35337867182,7316294.50616409
4666.95149343754,2362.06802650409,9220.91827911254,11023656.9038943
4264.60960035356,2408.09435414436,7552.40134678605,10269582.3012413
7823.9373164238,1626.64923334796,37631.9576933857,12726801.6375233
4361.12997067749,1056.36228865643,18004.6702020498,4606933.23695301
4896.24189855012,2466.54623365272,9719.33321258513,12076807.0139215
6582.72701202581,2480.17471354931,17471.4687147352,16326313.0814244
3540.32901333311,1893.34577739439,6619.98968825301,6703066.98798109
5767.65730466203,858.543427174003,38746.8702585258,4951784.26910971
5015.14991526649,1176.78503303512,21373.2567686785,5901753.35871296
4759.75214351773,1473.64104264457,15373.6492212954,7014166.11150317
5398.11366469236,2592.96577328319,11237.9544061787,13997123.9728396
5187.63429505275,1657.18906515021,16239.2753760827,8596890.82775966
4648.31681515372,2868.18383259106,7533.28603575651,13332227.1379851
4830.19269295848,1586.92932822536,14701.8276341266,7665174.44543564
5699.24586571104,2756.56340222956,11783.2963361383,15710332.5737272
5608.42790491561,2961.62830324307,10620.6655069417,16610078.8198963
3248.72076010871,1893.73939952449,5573.19902612333,6152230.50147102
5123.4640824712,2258.53203447674,11622.5423432854,11571507.7577522
3881.10882845857,2308.24504334771,6525.73944943592,8958550.21598255
5978.39416157693,1196.73661495313,29865.5496160087,7154563.19178115
3241.28166963306,1951.20760899679,5384.31011311035,6324413.45668984
5143.78414929356,2066.51415078888,12803.452308528,10629702.7331187
5127.99457398838,2761.14800783942,9523.6938679832,14159152.0021794
4175.38736741083,1813.21592545881,9614.88338104161,7570878.86954887
4721.92611546966,2239.65342806773,9955.37343435802,10575478.0115942
5640.29408113528,1525.6585740314,20851.9244496672,8605163.02494257
2755.38354543245,2017.88111334468,3762.43101351781,5560036.41634884
4256.40657436187,2022.65394648097,8957.04228486096,8609237.5554606
5369.11232366051,1960.65742951937,14702.9086825993,10526989.967309
4917.90907819021,1907.15840876179,12681.6050466664,9379231.65199638
5960.78822383239,2676.48498295833,13275.2458824209,15953960.1676822
5672.43923333664,2402.10393544531,13395.1601265462,13625788.6059723
3910.37472737284,2448.790479791,6244.31964868685,9575688.40480595
5520.16843340357,1411.52672916862,21588.1562165622,7791865.29326198
4387.56757163843,1996.61427381933,9641.69667026789,8760280.0408801
3020.78963486071,1495.1137683557,6103.32819563128,4516424.17438642
4027.48395806876,2265.44700732774,7160.01167982942,9124051.47986733
4259.58065961473,1586.54226710054,11436.2080179072,6758004.75660276
6862.57258942141,2090.0343115569,22533.0762680141,14343012.1774406
5989.18241878135,1969.70737261197,18210.9822729013,11796936.7661916
7158.60986613698,2809.64177477768,18239.2273903347,20113129.3292341
5554.28323460733,2679.09629048944,11515.1002073927,14880459.6101642
4860.4047011376,2200.40083120429,10736.0138770313,10694838.5443724
3796.53374872322,3056.04932529324,4716.43843765884,11602394.4012386
5306.48851421803,1546.09106071578,18212.9119474318,8204314.45562346
2656.71484036313,2786.31114732975,2533.14628905313,7402434.17498017
6764.37123258027,1828.50672917035,25024.0906649114,12368698.3173794
6519.42737675496,2766.94006838256,15360.9880482983,18038864.8316535
3700.90253625699,2224.72329016721,6156.57670480179,8233484.06704985
3860.62083036003,2701.94994234509,5516.1618511977,10431204.2300075
5391.05009529129,2335.84804590447,12442.3423779206,12592673.8304592
3574.7863838284,2755.48159331709,4637.70025573688,9850258.08067973
5496.61308048489,2748.36366788765,10992.9976551388,15106691.6868407
4811.21587047522,2428.38825458193,9532.16525760942,11683500.1101202
6076.28277282127,2349.38551979107,15715.2634270803,14275530.7606223
2564.23958291972,2390.98254062868,2750.05129769095,6131052.07275002
3892.43093223799,1850.79753106004,8186.21070537382,7204101.55920779
6600.65300746508,2295.42982352131,18980.593385391,15151335.768051
3701.79039992458,1149.71618035457,11918.8130071787,4256008.3190745
3959.36111328898,1700.57824195123,9218.35881390426,6733203.36128704
4312.03827394231,2181.8224572496,8522.08391849745,9408101.94260714
4674.84013419309,2377.2185751871,9193.15140322866,11113116.803034
5035.71901088528,1614.75228857492,15704.2452492643,8131438.79744725
5004.90145701459,1739.48385094622,14400.2708509199,8705945.26005409
5443.18386406563,961.527302979081,30813.7381915499,5233769.90043428
4481.02529439733,1992.67753157338,10076.6869555528,8929238.42255755
5721.56276340195,2682.93208853717,12201.680614807,15350564.3345105
4767.23947232607,2751.91149983796,8258.46768249703,13119021.1263756
3947.2857831088,1249.82563101129,12466.5910723287,4933418.94465584
4921.31291207832,1755.76803359271,13794.1461031332,8640683.89433415
3475.15102371012,1709.68793140034,7063.67192268942,5941423.76503072
3334.26019771051,2138.97002328985,5197.4973678862,7131882.61275127
3956.53860683225,2817.82126416168,5555.42608271547,11148818.6188085
5616.59501009318,1669.24740093929,18898.4206233615,9375486.6227266
6239.78656398231,1454.73011655985,26764.3708759723,9077205.43553055
3984.99029936966,1907.67660575625,8324.33948089173,7602072.76827311
4008.78622581337,2093.98969138861,7674.52059117544,8394357.03183387
3456.72567898796,2282.21126078862,5235.69076407318,7888978.27004352
5438.17184704934,1794.17292900601,16483.201011412,9757020.71125855
6597.34855959042,1536.81802054685,28321.5107025112,10138924.1542074
5409.23003222777,1958.96698977323,14936.3259791028,10596503.0732242
5036.27429479635,1604.28976494377,15810.1480958557,8079643.30459118
5164.18334898521,1693.62822953728,15746.5429524769,8746206.70234773
5212.64073172207,1401.80598879267,19383.2981277316,7307110.99515261
5950.38540513834,1413.6220984966,25047.0663321825,8411596.30327518
6413.24426478495,1683.27833987845,24434.2845894204,10795275.1592622
5657.05006455361,2524.48842119925,12676.7130972474,14281157.3861101
4694.69521910842,2237.37145562355,9850.91820355637,10503777.0760855
6265.72890589709,1832.12220428887,21428.3515751793,11479581.0545486
3692.83433845602,1281.83046914692,10638.7122006514,4733587.57254493
5937.21971701784,1849.77671873328,19056.6664674452,10982530.8065438
6190.77975887273,1117.07915984781,34308.8971672248,6915591.05184435
4433.1236608153,1553.03971333832,12654.2709908148,6884817.09938592
4264.55569254964,2104.34117507742,8642.34158901938,8974080.13724301
4982.42351872891,2235.51259330306,11104.6317494922,11138270.5212878
4898.91965498886,1482.56528465381,16187.7618708981,7262968.21279472
4121.68572748174,2345.39917122308,7243.24176650392,9666998.28927767
6018.30613983038,2150.62693781408,16841.60472273,12943131.3043311
6293.68780268921,1168.93658235512,33885.9325267359,7356921.91048563
5368.49566216042,2931.72947863314,9830.62928714432,15738976.9886698
4110.48483607508,1555.45525068204,10862.4697368789,6393675.2211219
4395.90214021468,2564.98370648179,7533.7537534885,11275417.3649391
6546.16778917331,2980.68860722185,14376.6486107218,19512087.7501516
5510.03438420175,1836.27855079403,16533.7001306024,10117957.9538473
6529.33626287693,1800.59579260526,23676.7364495702,11756695.4034412
4596.43325808909,2701.95917659847,7819.21461991324,12419375.0213162
4867.98149487524,2827.12909906288,8382.08762461634,13762412.1378614
4812.54929289973,1967.65982553044,11770.6477492094,9469459.90202371
5233.32660387806,2296.19470026779,11927.4325211463,12016736.8125952
3723.86607890182,2145.64007111389,6462.95656027555,7990076.27835349
2002.30680045701,1492.45017660816,2686.34262369016,2988343.13796578
4760.23678162923,1784.65346029974,12697.0612061403,8495373.0441807
5114.03824228519,1916.19426819056,13648.6094221813,9799490.76717422
4383.29184005327,1929.43317917055,9957.97499623035,8457268.71018629
4643.14867948168,2000.85327986282,10774.8178623325,9290259.26423165
5042.16125542231,2123.58979942962,11971.8931276231,10707482.2090941
6164.2068059607,2399.85633756199,15833.2167438213,14793210.7693275
5328.76168900929,2784.95050863475,10196.1241502182,14840337.5761998
4437.22343156448,2276.66573485763,8648.15219914404,10102074.5445502
4512.55966484317,2104.97262020772,9673.85254006773,9498814.54154859
5529.82496753268,2070.51422671782,14768.7776190853,11449581.2665358
5705.58953207776,1689.77635710231,19265.1245069967,9641170.29463541
3332.42272468056,2686.92657637561,4132.99020286106,8953975.18266224
5494.39164496984,2080.20717678123,14512.1793085176,11429472.9319131
5446.16696329784,2014.0378695404,14726.9994475751,10968786.5079217
4946.95163611067,1342.82335390201,18224.5344623369,6642882.18759317
5414.63758995547,2173.30012025271,13490.2216023205,11767632.525375
5005.35515402188,1527.64103638991,16400.1749240119,7646385.93498955
3188.70089412882,1676.72684215947,6064.08458227026,5346580.38080368
5560.26569956213,1717.54152560509,18000.4699675807,9549987.23239559
4381.41707663266,1121.10906910605,17123.0579864236,4912046.420149
5265.10819366606,2797.32469392754,9909.95587719482,14728217.1663423
5988.8753767291,2503.83362609334,14324.6851165402,14995147.5507367
4445.17564441833,1362.60782531229,14501.3012127692,6057031.11797204
5129.00039519359,2438.27133921277,10789.0556029705,12505894.6624115
4825.16598679071,2032.0134476994,11457.7129528555,9804802.17254045
3743.82462547525,2022.25458729187,6930.98827140498,7570966.5228836
4346.37991439269,1738.91015038214,10863.7115931981,7557964.15055449
3962.81013108824,2061.77279882175,7616.68023946669,8170414.13517298
3947.30123136384,1510.29009096983,10316.6849231733,5961569.9358018
5532.98477753391,1715.04658463738,17850.1976696422,9489326.64556017
5872.50931943462,2177.63443402152,15836.6184737257,12788178.5081131
5580.05252637554,2372.65483465197,13123.2683921668,13239538.6043169
5053.2592759006,1430.78151230914,17847.1898677693,7230109.94886326
4559.83062259143,1671.77088163517,12437.1440698774,7622992.06003671
4974.3891591387,2025.36874053537,12217.3049338245,10074972.3061776
1873.12296907329,2034.4795508466,1724.56373710412,3810830.37680068
6137.05015633135,2040.72801332562,18455.8571134373,12524050.1732098
5330.20926496557,2318.25244457698,12255.4085405091,12356770.6586133
3947.24229773525,2049.56202615568,7601.97620671901,8090117.92147367
4727.02966777538,2324.75891445886,9611.66740389934,10989204.3590723
3416.46753654818,2034.00861421933,5738.54522871207,6949124.39953969
4754.50251993427,2301.90608745775,9820.25041561395,10944418.2934699
4919.59205713755,2004.47184063727,12074.1960640147,9861183.74595502
6044.57435451436,1892.16696292181,19309.5428908842,11437343.8985365
4652.24297452616,1877.76620801269,11526.1232211299,8735824.64902965
4463.00997861486,1829.35768713176,10888.2249815485,8164441.61212484
6010.92966111983,2866.24230874539,12605.799335488,17228780.9095942
4916.75709340093,1755.96634020773,13767.0636173177,8633659.95898965
5256.7160819991,2007.92510116601,13761.9993647678,10555092.170749
6545.25073356894,2553.33994594438,16778.1447328745,16712250.1542433
3330.23064542749,1518.70573476331,7302.55763041077,5057640.37929524
6006.35435460459,2207.64671134137,16341.5153555786,13259908.4380937
4652.3396944816,2568.39831742332,8427.14484198978,11949061.4433883
8035.59986407796,2370.22863629517,27242.4626834728,19046208.9076472
4425.06051528686,1880.96944616739,10410.1428143072,8323403.62669631
2896.84757163587,2641.31407739681,3177.10261157705,7651484.27103458
5203.18118325028,1902.22687125868,14232.3162577426,9897631.06280622
5302.30430096427,1841.03083197112,15271.0266508264,9761705.69856831
5599.18528249264,3001.92273684074,10443.5985120244,16808321.6072987
5868.53038282145,2373.58226670731,14509.566125919,13929439.6482981
5595.99792374582,2301.67825799515,13605.3736675795,12880186.7528717
5911.97004300712,1927.22845981804,18135.5716346746,11393716.920475
5925.54408896399,2463.84876142761,14250.9042356607,14599644.4643786
5111.88208124676,2185.00153471175,11959.4142143332,11169470.1927897
3811.94067738379,2358.53330423482,6160.9864494186,8990589.04137709
5166.75699727055,2120.11313461659,12591.48742252,10954109.3732854
3130.99444331476,2598.4540330262,3772.6763989167,8135745.13861386
7336.72418665327,2298.25360233985,23421.0540282505,16861652.7913498
6117.06403373588,2281.59296674617,16400.1524102647,13956650.2765077
5016.41962708346,1689.90617217343,14891.0432362192,8477278.49002028
3627.4977444516,2192.16443096535,6002.62448387907,7952071.52879382
2548.11898889812,1238.02569912569,5244.56833664163,3154636.79268603
3288.31807710128,2365.85766131093,4570.45068814475,7779692.51553728
6699.86904438356,2137.07499066248,21004.5250672153,14318122.5754659
4340.87866561611,1519.01564560334,12404.8936850263,6593862.60873663
3716.60386444075,2426.83159307241,5691.84294641897,9019571.6771598
3940.10352649039,1736.14227156914,8941.90300742518,6840580.2866986
6392.14663933298,1359.03278698523,30065.1603478791,8687136.86207098
5782.1534981842,2234.07627706693,14965.1555856713,12917771.9606529
5987.42292569206,1884.75362786892,19020.6469222386,11284817.0807837
5046.05602700761,1626.58298052717,15654.0931096227,8207828.85231713
5774.83568055728,2623.75346476844,12710.3127581313,15151745.1253305
4286.23979296269,803.33009785218,22869.6168759227,3443265.43229862
4337.59156701699,2203.3046951612,8539.30944892775,9557035.86530013
3883.15447641273,2185.36692143871,6899.93453262177,8486117.34358902
4530.0004041222,1821.19107547545,11267.8476946687,8249996.30788753
4637.8358819986,2483.61109961472,8660.58364439204,11518580.6747231
2872.88120011319,2092.85420829439,3943.63179109838,6012521.50958672
5430.27981033465,1727.68965996336,17067.8447072221,9381838.27902299
3827.92680093676,1854.24630219562,7902.4148927676,7097919.11571248
6739.7754852756,1908.19272082088,23805.0240399098,12860790.5209699
3470.42453290647,1870.11476838598,6440.16433761104,6490092.17155739
3367.91509547254,1437.33323610899,7891.59521630353,4840816.30311588
4866.83645711521,2093.37888024678,11314.7683507314,10188132.6529401
4280.02609642081,1736.45752196736,10549.4221161763,7432083.5093465
7084.97692981287,1904.50612745449,26356.9107877181,13493381.9757023
4658.47087128728,2375.38020461656,9135.94834900762,11065639.4914387
3701.0587118827,1522.45199185371,8997.22005166456,5634684.20787335
3779.8578048665,824.136699365738,17336.1106670846,3115119.5353745
4713.10317449637,2250.45199090401,9870.6133804368,10606612.4223814
3616.42394728076,2518.30294524805,5193.38715429155,9107251.07770271
4897.36796294625,867.810750843705,27637.6075557653,4249988.56908229
5182.9482168281,1907.09628595173,14085.7870765113,9884381.29459299
4440.26404897368,1636.19411964439,12049.881238354,7265133.92659915
4417.11203871204,1577.96940993045,12364.5481590133,6970067.67732315
4223.40551468851,2199.09794680046,8111.12309365446,9287682.39585722
5299.40873388372,2055.94344748578,13659.778902531,10895284.6619772
5285.95820154324,1763.33735172978,15845.7223633655,9320927.53646357
4563.07967048874,1789.0967882289,11638.1048896968,8163791.18290401
4818.3034656427,1875.96946018545,12375.493727243,9038990.15145144
5090.293261752,1940.82583100315,13350.5464924925,9879372.64978955
3919.65592355916,2291.3825726633,6704.99232314358,8981431.27407993
6582.41431708863,1719.92956850615,25191.8328722299,11321289.0161189
5587.68336549724,2579.3155585947,12104.8412587661,14412398.6411278
4220.9922684944,1650.21758093559,10796.622176688,6965555.65046264
4937.9298311473,1544.81181525294,15783.897285471,7628172.34604629
4138.14923176161,1654.42037956956,10350.621447727,6846238.42272652
4439.96241979665,1994.57124918716,9883.46056689637,8855821.38999782
6970.01432576808,1767.12715977751,27491.5698242841,12316901.6191031
3442.09003549878,1996.83130530345,5933.39246085161,6873273.13855701
4564.72637524617,2070.31218558306,10064.5337577433,9450408.63852456
4496.58444324787,2108.65671704938,9588.69762525943,9481752.99003435
4775.79274676511,1778.40372917763,12825.0947666429,8493287.63062657
5695.6913779023,2822.37351091159,11494.1910228716,16075368.471319
4753.53737533044,1483.03162719773,15236.4367450207,7049646.26868154
7090.34650271692,1448.57567600423,34705.1344029633,10270903.4782774
4375.38220294373,1853.07324961304,10330.9296736297,8107903.71710798
4486.8271646619,1360.26306679795,14799.7975516145,6103265.27919533
2686.3977263774,2033.42694389797,3549.0494339824,5462593.51884205
5919.24268892211,2804.23067741158,12494.4906610532,16598921.9353196
6190.3432565951,1737.45013551794,22055.5104581744,10755412.7300737
6273.93564371608,2178.09782871342,18071.8551492896,13665245.6030657
4339.56024452826,1772.79361723592,10622.6595881206,7693144.70311046
4735.03564876119,2751.2514560862,8149.22334541305,13027273.7232743
4978.02554812381,1775.34334241737,13958.2793737413,8837704.5152452
4944.34406295434,1032.84610998876,23669.1003397765,5106746.53186841
4243.24630956738,1098.68179124469,16387.9472538262,4661977.4560879
3507.91458511283,2611.21087354541,4712.55112373953,9159904.70811518
5246.90718300868,3036.49847343373,9066.37537544243,15932225.6514544
4700.23488252132,978.034505176288,22588.3727352627,4596991.89753906
4353.12643820769,2637.39742933765,7185.0035099874,11480924.4777107
5097.04011597215,2462.88841319015,10548.5160451009,12553441.0431932
5702.00665909488,2452.67505759902,13256.0894439029,13985169.5110255
6960.71221051009,1785.69816165806,27133.0931049154,12429730.9981387
3645.44252237648,1835.01346873402,7242.04558188824,6689436.12805654
6379.33983172771,1541.78817579601,26395.309892461,9835590.72194226
4922.33903246055,1928.10579602015,12566.437796358,9490790.41846342
3997.88799518871,1772.7942833236,9015.77163939695,7087432.9832386
3232.45045548325,1399.42709835284,7466.4382013556,4523578.76148623
4955.80660765028,2237.26936400563,10977.676415529,11087474.2972326
6382.85058870598,1865.83987446385,21835.0900285326,11909377.1411527
6201.48534309498,1215.12038540554,31649.8850011362,7535551.2601884
5343.09619498372,1123.32555848042,25414.4283759277,6002036.51724467
2293.68078561951,2114.79469800258,2487.69847554901,4850663.96433854
6279.84385183187,1682.12344063289,23444.4380541731,10563472.5466807
4174.88069656829,2423.33538976766,7192.41294629449,10117136.1400518
3690.31899972404,1694.32089687671,8037.70663799777,6252584.59737359
3671.47589156346,2594.37360067089,5195.75716421332,9525180.12857187
4927.26246498308,1990.43215856518,12197.3086569964,9807381.66399348
3955.47856923528,2317.49869716478,6751.16267846046,9166816.43086598
7094.32988140091,2584.72506237211,19471.9032978882,18336892.2451923
5142.88218191413,1972.41485432345,13409.5710540175,10143897.2096428
5449.10907439129,2112.93234777372,14052.8823537105,11513598.8298287
4761.22742396518,2101.829462937,10785.5023361606,10007288.0794337
4539.85117693489,2151.42016367552,9579.83431442154,9767127.36214376
3958.63384857146,2027.72421397738,7728.26099280902,8027017.7090188
5950.28048109616,1789.5725196556,19784.5225129674,10648458.4332128
6115.10669130835,3047.96672698544,12268.6804665577,18638641.7270739
4397.59127420023,1815.08477909676,10654.4935187797,7982000.98648956
7393.29958005309,2575.32526273836,21224.8446715783,19040151.1835036
5617.60405331655,1857.34018315362,16990.6813980929,10433801.7412715
6386.42729533154,2030.31850326455,20088.6971837055,12966481.5074654
4017.19066297067,1588.52972383846,10158.9668612961,6381426.77445522
3980.17874506138,2120.59054907481,7470.47696197173,8440329.43040562
5989.42099921268,2252.25630088717,15927.656142722,13489711.1841427
4423.4228569696,2708.36729644186,7224.5259338595,11980253.8041499
4686.66540771004,2264.98814582257,9697.54860939858,10615241.5918999
4224.77019434028,1783.36043558121,10008.4552953363,7534288.01400922
4770.86928992918,2318.01895763961,9819.24401721311,11058965.4584765
4571.64178959233,2190.32830033871,9541.90686807773,10013396.3907552
3601.68600386399,2087.5543647374,6214.03796210193,7518715.33777987
4251.98773798106,1606.66764023379,11252.7315987459,6831531.10528503
5176.5489586561,2417.64956072631,11083.7648088722,12515081.3159732
3809.98720543542,2431.97199436749,5968.81976404375,9265782.1825174
4561.77521880968,2887.51444906245,7206.81870655328,13172191.857688
5315.97356087843,1547.67003861688,18259.4313999988,8227373.00625106
5698.05347619603,2024.27057748421,16039.2655896531,11534402.0007952
5216.60439809585,2517.4568935537,10809.7030443363,13132576.702929
4814.95614840552,1353.65652579913,17126.7986148713,6517796.81172578
4991.06799900397,2297.00546124373,10844.8848690126,11464510.4511509
5215.53701982943,1793.16600257976,15169.7201296908,9352323.66915429
4922.58179976814,2188.15241354958,11074.0967701149,10771359.2460579
5256.72455371378,1711.47260347649,16145.8342818264,8996740.0577033
3755.69701388782,1586.35759228242,8891.60182341455,5957878.47229337
5296.20483168069,1798.52187074726,15596.0214192244,9525340.22173505
3550.66726522115,1500.71484928885,8400.82180454689,5328539.08980122
4683.90652070457,1558.81747993303,14074.1174493638,7301355.35884659
6859.30369282785,1612.25863676854,29182.6919561395,11058971.6209801
4333.60169166253,2418.38300773184,7765.5621801585,10480308.6933946
2473.01179028907,2982.31390986975,2050.68530669055,7375297.46145098
4259.79773395451,2319.57044390129,7822.94703828197,9880900.92067859
6382.60632148549,1058.31243513334,38493.040526292,6754791.63858878
3892.17130310436,1593.04831345057,9509.44006205066,6200416.9300711
5759.34033316494,3035.79460692156,10926.299492592,17484174.3228479
3752.42073533029,2433.17619881914,5786.94686466614,9130300.82116106
3590.42879534954,2370.83111843501,5437.40919976815,8512300.3165398
5180.09592884156,1797.88828340026,14924.9506099746,9313233.77735366
4401.20520741603,2576.33980871752,7518.65387176101,11339000.1822007
6035.97038656768,5374.62113606438,6778.69892317664,32441054.0163054
5986.64580206942,5512.58672499491,6501.47194908186,33001904.1757344
5990.06546256282,4972.20611656564,7216.29059709442,29783840.1315835
6040.1025836459,5356.09377774974,6811.46386430401,32351355.8652359
5902.07812169242,6005.56250791144,5800.3769186768,35445299.0864004
6030.63240386858,5345.16535281786,6804.00414019316,32234727.380739
6017.48578963849,4465.4656908404,8108.9269821904,26870876.3387503
5928.9990739814,5062.75812787229,6943.4543644782,30017088.2519466
5923.61532305638,5267.91728920628,6660.92813709215,31205115.5749359
5976.68599288629,4659.39748327956,7666.3936884004,27847755.6736066
5843.33770840818,5832.60466102962,5854.09050653494,34081878.7540317
5877.28578559191,5211.25765377244,6628.43607061252,30628050.5335738
6051.17142037176,4825.70314966019,7587.84252224517,29201156.9824218
5977.4461019985,5164.27021036351,6918.66622908216,30869146.8386044
6027.57274769902,4729.90302412157,7681.26387444305,28509834.5674543
5685.25608982793,5259.04142562698,6146.01296909772,29898997.2917032
5934.40165630895,6263.23871382939,5622.82943816945,37168574.1972075
6047.56944597949,4892.9400027208,7474.66680229219,29590394.4614651
5973.60860613728,4530.55064791943,7876.30523360434,27063736.3409523
6107.94963831704,4719.09046409784,7905.55914705258,28823966.8933718
6021.80886128626,4844.25440226101,7485.60644233317,29171174.0858603
5876.87927816913,5002.02288130686,6904.74851269578,29396284.6200801
6017.97156401673,4679.54930872306,7739.20293516394,28161394.6723095
5901.86083579671,4659.64580063235,7475.23799349385,27500581.0594367
5841.09268081649,4787.38762322993,7126.71845085926,27963574.8062798
6069.36140136448,4823.39703442072,7637.17926546287,29274939.784169
6069.99205714174,5430.60843227835,6784.65480124957,32963750.0493765
6016.85711142375,5439.59889882963,6655.37481211708,32729289.3177158
6162.90868618682,4365.79895156994,8699.76925085359,26906020.2807757
5991.28584479206,5525.55187262766,6496.27528642415,33105160.7191383
5978.00076055968,4181.85106919511,8545.61592508611,24999108.8721957
5949.86735859951,4512.35047181469,7845.33954222998,26847886.7828113
5984.84395092808,5719.51890904783,6262.47726190722,34230428.1450337
6150.76361247284,5330.74712661526,7096.92133540411,32788165.4536793
6078.54032910926,6022.56385788057,6135.03707133966,36608397.2947629
6090.76841046244,5290.71107833701,7011.80980790728,32224495.9048187
5842.36260732942,4521.7147499433,7548.72934785393,26417497.1760787
5994.14853419794,4693.18372942381,7655.74473992275,28131640.3724474
6027.16481596845,5453.12769524713,6661.62938940709,32866899.3817766
5860.65660963357,5233.35712394965,6563.14772383039,30670909.0190485
6004.34405562057,4430.33240397312,8137.57168783419,26601240.0342192
6134.97826684019,4965.18659797715,7580.37137011838,30461311.869396
6145.67862834169,3926.46990529264,9619.16599741285,24130822.1817838
6085.26041840668,5163.11714121695,7172.10037018431,31418912.3750446
5963.0796811464,5179.47693048527,6865.23364442703,30885633.6431432
5834.72325480756,4455.41445618889,7641.03896392906,25996110.3373311
5944.92694530281,5352.10045295787,6603.41798432714,31817846.1967566
5985.17036364451,5219.60166827598,6863.02644502,31240205.2149948
5968.10539635039,5004.01957785564,7117.93418626273,29864516.2460432
5940.79202329853,5042.71546843025,6998.81047920275,29957723.8306145
6115.04451733991,4242.98612607265,8813.07841646442,25946049.0473899
5981.39948861611,4513.50764786017,7926.68200293819,26997092.3367757
6063.84251317263,4597.27896956921,7998.24989258926,27877175.6605883
6065.67535755134,4529.47754925947,8122.88330013267,27474340.3531252
6154.26530781938,5183.8799996766,7306.29981430744,31902972.8419085
6143.49266346799,5507.97550803693,6852.3365891902,33838207.1241863
6024.19744372164,4038.31688829026,8986.65356009423,24327618.2753761
5957.39109358095,4835.72869865028,7339.22658890758,28808327.080313
6084.65272815952,5226.20460556234,7084.10818491393,31799640.1111547
5834.57367313059,4401.36251559943,7734.47990855902,25680073.8594202
5905.98012626547,6056.45803228028,5759.24097317818,35769320.7742082
6112.23528674935,5008.58465408357,7459.07732040114,30613647.8593609
6089.1502335536,4831.72413733224,7673.81363524155,29421094.1593032
5957.53795683788,5334.08297260855,6653.86322061788,31778001.7742381
5862.69695111339,4366.04428771457,7872.39278293854,25596794.5340103
5957.42348457023,4801.16519067218,7392.14194159815,28602574.2602115
6026.52993372961,5144.0310405613,7060.4284374956,31000657.045977
6003.38830101302,4256.53489831394,8467.13863593978,25553631.8113915
5881.44113848827,4537.08951796776,7624.12769871826,26684624.9399795
6061.26338470369,4489.88185246027,8182.60146391561,27214356.473963
5893.55344998866,5057.40635154516,6867.9417577868,29806094.6511435
5858.92857779249,4811.69953456426,7134.0788910632,28191403.9108094
6016.08177285821,4788.60686554889,7558.19822213954,28808650.4812124
6033.44668862409,4312.79395128429,8440.57920588319,26021012.3840942
6103.4613987679,5336.51752897719,6980.62750547916,32571228.7419605
5953.79751350076,6013.17987374115,5895.0015758823,35801255.3805128
6098.87918712296,4262.8172550659,8725.76165326294,25998407.4354301
5914.84513584315,5083.96199710738,6881.52134121242,30070847.889402
6061.80683349394,4394.13635416056,8362.39459246675,26636405.7789547
5930.40146772242,5023.48011650759,7001.05519534031,29791253.856011
6059.7334585646,4281.46563535231,8576.58865357813,25944540.5622389
6143.97871838039,5303.45733618627,7117.71059877257,32584329.0073668
5870.68838769002,5164.4521624522,6673.5020600895,30318889.3388888
6255.59926668401,3978.86021786991,9835.10855937715,24890155.0611452
5909.2908605966,5072.96160484284,6883.49749026188,29977605.6476553
5973.58955147761,4792.32692932717,7446.02207982758,28627394.0722936
6036.92045591263,4636.29089580703,7860.68204304781,27988919.3484589
5958.80755143233,4946.50639688992,7178.27585492095,29475279.6709959
6006.66792096448,5011.63066392571,7199.26545514458,30103201.1407245
6136.14740838072,3940.60066697821,9554.96590479201,24180106.5701417
5954.776552735,5196.36127239746,6823.88347041209,30943170.2644126
6014.22452467846,5478.66127241414,6602.14144199233,32949898.9869592
6138.36774217011,4428.59958322277,8508.23332072269,27184372.8246426
5920.77396103004,6007.02847779406,5835.75796705472,35566257.794489
6156.21511128986,5406.58671885026,7009.78019354382,33284110.8590851
5925.45197021061,4569.0585665965,7684.51105178699,27073737.0854469
5929.62510002561,4437.9859174321,7922.61500622295,26315592.6895656
6097.04955334806,4750.0655103662,7826.00012038906,28961384.7983522
6053.32009599166,5488.17389086383,6676.66238592322,33221673.3038628
6005.47634001972,4309.47572212941,8368.94053848291,25880454.4871376
5934.11724344184,4835.98149693111,7281.61335630837,28697281.1899046
5946.25713204369,4490.04088594134,7874.75543732552,26698937.6411964
5895.4261847546,5595.77124620543,6211.12771960769,32989456.3287764
6098.68012586632,4787.7905261365,7768.4892592096,29199202.9285597
6022.37659616732,4729.29156843108,7669.01751377871,28481574.8581708
5889.53083687009,4411.16977562848,7863.35036798755,25979720.4202333
6038.90563451734,5132.19687649145,7105.80325350581,30992852.6348965
5862.90420624299,4735.14370244203,7259.26136388519,27761693.9302124
5927.18318990979,5424.37645319171,6476.59705588422,32151272.9291004
5965.46195081391,4741.57651668797,7505.25403552195,28285694.2971748
6121.048944141,5382.59530629358,6960.81314765782,32947129.3163266
5863.60527888533,5520.62346206819,6227.89565396142,32370756.8749213
6034.21586208334,4645.69522828895,7837.742099072,28033127.8369461
5998.55768525816,4536.96981053559,7930.99707646543,27215275.1247725
6067.99497752607,5690.43543678353,6470.60553736713,34529533.6503389
5892.14766787022,4784.04003957705,7256.92173409523,28188270.3621917
5932.50279887609,4825.73666076383,7293.10195163074,28628696.2466204
6093.97533376164,5041.01556901269,7366.87575352375,30719824.5346718
5813.67568698504,4333.18564738664,7799.99467916293,25191736.0454043
5942.65455603752,5583.20747849228,6325.24284802867,33179073.3593649
6003.56468583605,4704.61595209967,7661.15434373167,28244466.1904465
6085.81435949386,4412.30659236736,8394.05323335654,26852478.8183187
6085.9390850168,4964.69889108818,7460.40300913734,30214855.0266131
5791.5432828454,4483.16576328234,7481.76073965063,25964448.5622203
6082.06413227855,4465.05499151055,8284.6693219863,27156750.8125176
6089.55115571904,4812.25274778341,7705.87814515768,29304459.2818766
6113.84143205537,5180.30969974641,7215.60277721362,31671592.0731879
6128.69030298118,4461.68679425772,8418.53015729322,27344296.5909065
5891.50496225246,5792.16854097786,5992.54501568517,34124589.7013736
6029.83322404031,5439.71290463887,6683.97199395106,32800561.6016323
6040.11892994023,4742.09501688368,7693.44278381785,28642817.8790543
6066.61679057709,4911.31326702105,7493.68596192912,29795055.5294939
5914.73276199855,4495.71568798257,7781.64503137384,26590956.8683414
6117.636507273,3831.57657889943,9767.64411840867,23440192.7594873
5920.0824840803,4767.07740212626,7351.96298736037,28221491.4285827
5905.86513231752,5130.57809079317,6798.30661260467,30300502.2550476
6017.42613552617,4789.4583312096,7560.23224183028,28820211.7372342
5963.18922416557,5312.99898790283,6692.94795729683,31682418.3126647
6051.34281937905,4932.57159698332,7423.86586746066,29848681.714478
5922.15056166832,5295.66856975362,6622.74589376352,31361746.5947757
6118.56556263484,5607.25103437792,6676.50588759744,34308333.0799934
5937.56824666765,5817.26541067837,6060.35898226702,34540410.3848819
5968.22288726181,5657.38495937857,6296.13941561231,33764534.3966139
6024.46360980213,5216.74469056647,6957.2432500792,31428088.5499462
6000.14489277637,4655.34438650992,7733.4211489562,27932740.8448326
5907.01439590678,4830.0642139693,7224.09010061076,28531258.8450708
6081.72824722927,5198.31514155105,7115.27051861466,31614740.0343707
6112.68039677111,4952.09015182304,7545.2708831067,30270544.3940919
6032.36069233929,5414.56532791734,6720.64576169348,32662611.0502317
5875.75637076051,4330.58798584419,7972.24604173527,25445479.9469629
6046.74911845497,5444.32687238822,6715.8302134598,32920478.7161942
5906.88390702148,4314.3269186639,8087.30496061592,25484228.2454853
6006.36635241245,5902.30053781395,6112.2669928892,35451379.3521516
5919.64398761693,4544.60717625742,7710.71812833497,26902456.547013
5937.2589687545,4832.55552056807,7294.49334043284,28692133.6064968
5910.80587545249,4956.66122700274,7048.6209359945,29297862.3031954
6009.35507032239,4942.99102202422,7305.76855193657,29704188.1607593
6004.24532151206,3875.08988662908,9303.25823029101,23266990.3222314
5868.73749621036,5919.16630329757,5818.73832134733,34738033.2304673
6094.9672244822,5171.77691431889,7182.95202653857,31521810.7851073
5961.31060526312,5040.15494619938,7050.81976878906,30045929.1329478
6016.80710667292,5860.20132416254,6177.5979623163,35259700.9737552
5831.12790530691,4667.63676814418,7284.63981604292,27217587.0105621
6000.78226741486,4894.09846862223,7357.71624780117,29368419.3054905
6060.1563961291,4879.88590432806,7525.89225763905,29572871.7754939
5974.99232399065,5474.05591823894,6521.76992799746,32707442.0925733
5908.45323191949,4904.92947318656,7117.29287538565,28980546.3981863
6186.31526253226,5113.92687997533,7483.58305186097,31636363.9090654
6028.40881652741,4603.56079927598,7894.26151706327,27752146.5097753
6035.62623106762,4464.94629827141,8158.84034602047,26948746.9981552
5855.39320798529,5073.24708884192,6758.12335171451,29705856.5464361
5969.6204838974,4236.18063849295,8412.3817568,25288390.7130371
5892.13305452024,4417.32745994335,7859.32948077505,26027481.1393722
6128.42032125248,5160.49645158908,7277.89195986663,31625691.3216698
5916.15811362465,5605.14953532263,6244.42338332587,33160950.9014784
5906.98051008035,5360.61428336445,6509.03364839185,31665044.0938922
5933.47783708696,5663.0324038903,6216.83874155775,33601477.2591884
6066.95667407079,4901.46692020838,7509.58108750986,29736987.4442954
6127.55674859748,5286.22675150174,7102.78871344593,32391654.405781
6149.64610283328,5143.01170857988,7353.30762070831,31627701.9104942
6167.16642936784,5461.0649676265,6964.56496910199,33679296.5369429
5829.08216843579,5387.80901582472,6306.49654183686,31405981.4610815
5986.49682719622,5362.98637524733,6682.49772690828,32105500.9197147
5959.48810054399,4432.2542532673,8012.9650491834,26413966.4809319
6126.10464363997,5159.1966219396,7274.22520499289,31605778.3831159
5914.75971692728,4773.16759910222,7329.38489642933,28232139.4373124
5903.95508829252,5117.86628960325,6810.7847513299,30215652.7217038
6161.91827493603,5119.10328766933,7417.16560368088,31543496.0995748
5848.26677624067,5239.87852334881,6527.29335874409,30644207.4796379
6118.41416483561,5829.92421329716,6421.17985120246,35669890.8865555
5914.21398256267,5259.70391907384,6650.17034603327,31107014.4623262
6110.52969506138,5532.99688127316,6748.34523775029,33809541.7457017
5937.74792866209,4673.09875323752,7544.64057493009,27747682.4424695
5897.0401987576,5352.02606363542,6497.5548871191,31561112.8420565
5850.89285407911,5059.33112026678,6766.29901782529,29601604.297989
5851.49510432315,4336.08888438673,7896.51593149029,25372602.8788989
5914.88890106947,4920.1562768346,7110.7315994652,29102177.7533763
5980.81400697307,4659.9152943111,7676.13442022735,27870086.6635238
5949.4520498836,5089.42936666285,6954.8032095145,30279315.9782301
5837.05592659629,4584.54599355982,7431.75484291678,26760251.3624616
